{"cameraMode":{"drawMode":0,"name":"Shaded","section":"Shading Mode"},"sceneLighting":false,"audioPlay":false,"sceneViewState":{"m_AlwaysRefresh":false,"showFog":true,"showSkybox":false,"showFlares":true,"showImageEffects":true,"showParticleSystems":true,"showVisualEffectGraphs":true,"m_FxEnabled":true},"in2DMode":false,"pivot":{"x":-2.0048820972442629,"y":3.602355718612671,"z":11.171255111694336},"rotation":{"x":-0.0059946742840111259,"y":0.04198690503835678,"z":0.0002519244735594839,"w":0.9991002678871155},"size":4.2698540687561039,"orthographic":false}