{"cameraMode":{"drawMode":0,"name":"Shaded","section":"Shading Mode"},"sceneLighting":false,"audioPlay":false,"sceneViewState":{"m_AlwaysRefresh":false,"showFog":true,"showSkybox":false,"showFlares":true,"showImageEffects":true,"showParticleSystems":true,"showVisualEffectGraphs":true,"m_FxEnabled":true},"in2DMode":false,"pivot":{"x":0.22942304611206056,"y":1.0356733798980713,"z":8.184089660644532},"rotation":{"x":-0.0059946742840111259,"y":0.04198690503835678,"z":0.0002519244735594839,"w":0.9991002678871155},"size":11.94996452331543,"orthographic":false}